{
  "Events": [
    {
      "Delta": 0,
      "EventType": "MouseDown",
      "Timestamp": 30281,
      "X": 29.600000381469727,
      "Y": 52.220001220703125
    },
    {
      "Delta": 0,
      "EventType": "MouseUp",
      "Timestamp": 30392,
      "X": 29.600000381469727,
      "Y": 52.220001220703125
    }
  ]
}